zone,score
LV,0.7303496503496547
KL,0.7184244327101458
WL,0.5802311973740535
KM,0.5690695019266447
KW,0.2213900385328956
KG,0.12312972741544147
KB,0.12085628657057193
