zone,security_level,air_quality_index,num_key_amenities,score
LV,0.7493006993006993,0.90559440559442,0.09090909090909277,0.7303496503496547
KL,0.7524475524475525,0.7080348223205362,0.5454545454545344,0.7184244327101458
WL,0.5,0.6007706579135118,0.9999999999999999,0.5802311973740535
KM,0.5,0.6544740973312351,0.7272727272727422,0.5690695019266447
KW,0.2555944055944056,0.1964749536178098,0.09090909090909277,0.2213900385328956
KG,0.0,0.41043242471813823,0.0,0.12312972741544147
KB,0.0,0.40285428856857314,0.0,0.12085628657057193
